"CodeDépartement","Département","Inscrits","Abstentions","Abstentions_ins","Votants","Votants_ins","Blancs","Blancs_ins","Blancs_vot","Nuls","Nuls_ins","Nuls_vot","Exprimés","Exprimés_ins","Exprimés_vot","ARTHAUD","ROUSSEL","MACRON","LASSALLE","LE PEN","ZEMMOUR","MÉLENCHON","HIDALGO","JADOT","PÉCRESSE","POUTOU","DUPONT-AIGNAN","ARTHAUD.ins","ROUSSEL.ins","MACRON.ins","LASSALLE.ins","LE PEN.ins","ZEMMOUR.ins","MÉLENCHON.ins","HIDALGO.ins","JADOT.ins","PÉCRESSE.ins","POUTOU.ins","DUPONT-AIGNAN.ins","ARTHAUD.exp","ROUSSEL.exp","MACRON.exp","LASSALLE.exp","LE PEN.exp","ZEMMOUR.exp","MÉLENCHON.exp","HIDALGO.exp","JADOT.exp","PÉCRESSE.exp","POUTOU.exp","DUPONT-AIGNAN.exp"
"01","Ain",438109,97541,22.26409409530505,340568,77.73590590469495,5642,1.287807372137984,1.6566441944046415,1902,0.4341385363003271,0.5584787766319795,333024,76.01395999625665,97.78487702896338,1658,5938,92206,10876,86755,27530,57832,5644,15843,17572,2172,8998,0.37844463364139974,1.3553704671668465,21.046360608889568,2.48248723491186,19.802149693341157,6.283824345083073,13.200367944963467,1.2882638795368277,3.6162233599401064,4.010874006240456,0.4957670351442221,2.053826787397657,0.4978620159508024,1.7830546747381568,27.687493994426827,3.265830690881138,26.050675026424525,8.266671471125205,17.36571538387624,1.694772749111175,4.757314788123378,5.276496588834438,0.652205246468723,2.7019073700393967
"02","Aisne",373544,101089,27.06213993532221,272455,72.93786006467778,3780,1.0119289829310603,1.3873850727643098,2098,0.5616473561347525,0.7700354186929952,266577,71.36428372561198,97.8425795085427,2044,5985,58861,6489,104677,18306,41271,2993,7084,10936,2127,5804,0.5471912278071659,1.6022208896408454,15.757447583149508,1.7371447540316536,28.0226693508663,4.900627503051849,11.048497633478252,0.801244297860493,1.8964298717152464,2.927633692416422,0.5694108324588268,1.5537660891354164,0.7667578223177544,2.24512992493726,22.080299500707113,2.4341934975635557,39.267078555164176,6.8670590486050935,15.481830765594932,1.1227525255367117,2.65739354858071,4.102379425081684,0.797893291619307,2.1772320942917056
"03","Allier",249990,58501,23.401336053442137,191489,76.59866394655786,3747,1.498859954398176,1.9567703627884632,1792,0.7168286731469259,0.9358239898897588,185950,74.38297531901276,97.10740564732177,1359,8119,49704,7780,50314,12361,31013,3280,5982,10319,1503,4216,0.5436217448697948,3.247729909196368,19.882395295811833,3.112124484979399,20.12640505620225,4.944597783911356,12.405696227849115,1.312052482099284,2.3928957158286335,4.127765110604424,0.6012240489619585,1.686467458698348,0.730841624092498,4.366227480505512,26.729766066146816,4.183920408712019,27.05781123958053,6.647485883301963,16.678139284753964,1.763915030922291,3.2169938155418123,5.549341220758269,0.8082817961817692,2.2672761495025546
"04","Alpes-de-Haute-Provence",128074,29289,22.868810219092087,98785,77.13118978090792,1442,1.1259115823664445,1.4597357898466365,661,0.5161078751346877,0.6691299286328896,96682,75.48917032340678,97.87113428152048,505,2721,20800,4309,26010,7925,21856,1396,3957,3834,865,2504,0.39430329340849823,2.124552992801037,16.240610896825274,3.364461170885582,20.30857160703968,6.187828911410591,17.06513421927948,1.0899948467292346,3.0896200634008464,2.9935818355013506,0.6753907896997049,1.955119696425504,0.5223309406094205,2.8143811671252146,21.51382884094247,4.4568792536356305,26.902629238120852,8.196975652137937,22.606069382098013,1.443908897209408,4.09279907325045,3.9655778738544925,0.8946856705488094,2.589934010467305
"05","Hautes-Alpes",113519,25357,22.337229891031456,88162,77.66277010896854,1365,1.2024418819757046,1.548286109661759,562,0.4950713096486051,0.6374628524761234,86235,75.96525691734423,97.81425103786212,428,1925,20507,3871,19696,6164,19718,1459,5013,4511,801,2142,0.3770293959601477,1.6957513720170192,18.064817343352214,3.4100018499105875,17.35039949259595,5.429928029669042,17.36977950827615,1.2852474035183536,4.416000845673412,3.973784124243519,0.7056087527198089,1.8869087994080287,0.49631820026671303,2.2322722792369687,23.780367600162347,4.488896619701977,22.83991418797472,7.14790978141126,22.865425871166,1.6918884443671363,5.813184901722038,5.2310546761755665,0.9288571925552269,2.483910245260045
"06","Alpes-Maritimes",778581,208249,26.747249162258008,570332,73.252750837742,7546,0.969199094249667,1.3230890078059796,2695,0.3461425336605954,0.4725317885021356,560091,71.93740920983174,98.20437920369189,1630,8883,139966,12784,149218,78329,92814,5424,23419,31304,2994,13326,0.2093552244403601,1.1409217538059624,17.977063401238922,1.641961465794824,19.165379067816964,10.060481825269305,11.920917669452503,0.6966519861131982,3.0079079761771736,4.020647819558915,0.3845457312726614,1.7115752888909441,0.2910241371491418,1.5859922762551086,24.989867717924408,2.282486238843331,26.64174214547279,13.985048858131982,16.57123574561991,0.9684140612864696,4.181284826929909,5.589091772586954,0.5345559917941907,2.3792562280058065
"07","Ardèche",255908,54166,21.16620035325195,201742,78.83379964674805,3268,1.2770214295762539,1.6198907515539651,1507,0.5888835050096128,0.7469936850036185,196967,76.96789471216219,97.63311556344242,1219,5710,45352,9033,49592,14199,42836,4189,8544,9551,1817,4925,0.4763430607874705,2.2312706128765023,17.7219938415368,3.5297841411757345,19.378839270362786,5.548478359410413,16.738828016318365,1.6369163918283132,3.3386998452568895,3.7322006346030605,0.7100207887209465,1.9245197492848993,0.6188853970462057,2.898962770413318,23.02517680626704,4.58604740895683,25.17782166555819,7.20882178232902,21.74780546995182,2.126752197068545,4.337782471175375,4.849035625257023,0.9224895540877406,2.500418851888895
"08","Ardennes",186194,49349,26.504076393439103,136845,73.4959236065609,1912,1.0268859361740978,1.3972012130512623,1006,0.540296679807083,0.7351382951514487,133927,71.92874099057973,97.8676604917973,1080,3010,31667,4081,48227,8775,22285,1738,3449,5547,1113,2955,0.5800401731527332,1.6165934455460433,17.007529780766298,2.1917999505891705,25.901479102441538,4.712826406865957,11.968699313619128,0.9334350193883798,1.8523690344479413,2.9791507782205655,0.5977636228879556,1.5870543626540061,0.8064094618710194,2.2474930372516373,23.644970767657007,3.047182420273731,36.0099158496793,6.5520768777020315,16.639661905366356,1.2977218932702144,2.575283549993653,4.141808597220874,0.8310497509837448,2.2064258887304278
"09","Ariège",119039,25030,21.02672233469703,94009,78.97327766530296,1511,1.269331899629533,1.6072929187630973,796,0.6686884130411042,0.8467274409896924,91702,77.03525735263234,97.54597964024721,417,2701,18070,7532,21958,5820,23908,3208,3020,2724,723,1621,0.35030536210821667,2.269004275909576,15.179899024689389,6.327338099278387,18.446055494417795,4.889153974747772,20.08417409420442,2.6949151118540984,2.5369836776182595,2.288325674778854,0.6073639731516562,1.361738589873907,0.4547338116944014,2.9454101328215305,19.70513184009073,8.213561318182808,23.944952127543566,6.346644566094524,26.071405203812347,3.4982879326514142,3.2932760463239625,2.970491374233932,0.7884233713550414,1.7676822751957428
"10","Aube",205549,52382,25.483947866445472,153167,74.51605213355454,2340,1.1384146845764271,1.5277442268896042,1174,0.5711533502960364,0.7664836420377757,149653,72.80648409868206,97.70577213107262,1005,3094,38318,3787,49308,11373,22482,1720,4619,8921,1061,3965,0.48893451196551674,1.5052371940510536,18.641783710939972,1.8423830814063802,23.98844071243353,5.532987268242609,10.937538007968902,0.8367834433638693,2.247152747033554,4.340084359447139,0.516178624075038,1.9289804377545012,0.6715535271594957,2.0674493662004774,25.604565227559757,2.5305206043313535,32.94822021609991,7.599580362572084,15.022752634427642,1.1493254395167487,3.0864733750743385,5.961123398795881,0.7089734251902735,2.64946242307204
"11","Aude",279926,62970,22.495230882447505,216956,77.5047691175525,2963,1.0584940305652208,1.3657147071295563,1567,0.5597908018547759,0.7222662659709803,212426,75.8864842851325,97.91201902689947,1026,5622,43104,12382,64027,18434,42039,6166,6322,7350,1748,4206,0.366525438865986,2.0083879310960753,15.39835527960961,4.423311875281325,22.872830676678838,6.5853118324128515,15.017897587219478,2.2027250058944148,2.2584540199909977,2.6256939333966836,0.6244507476976058,1.5025399569886329,0.48299172417688985,2.6465686874488057,20.29130144144314,5.82885334186964,30.14084904860987,8.67784546147835,19.789950382721514,2.9026578667394762,2.9760952049184186,3.460028433430936,0.8228747893384049,1.97998361782456
"12","Aveyron",219467,43832,19.972023128761954,175635,80.02797687123805,3051,1.3901862238969867,1.7371252882398154,1686,0.7682248356244903,0.9599453411905372,170898,77.86956581171657,97.30292937056964,894,4515,47430,14825,34354,10112,32733,4470,6746,9988,1354,3477,0.4073505356158329,2.0572568996705654,21.611449557336638,6.75500189094488,15.653378412244209,4.60752641627215,14.914770785585077,2.0367526780791643,3.0738106412353567,4.551025894553623,0.6169492452168208,1.5842928549622497,0.5231190534704911,2.6419267633325143,27.753396762981424,8.674765064541422,20.102049175531604,5.916979718896652,19.153530175894392,2.615595267352456,3.9473838195882927,5.844421818862713,0.792285456822198,2.034546922725837
"13","Bouches-du-Rhône",1411166,383798,27.197225556738186,1027368,72.80277444326181,13341,0.9453884234739215,1.2985609830167963,5407,0.3831583243927362,0.526296322252591,1008620,71.47422769539516,98.17514269473061,3578,24295,229038,24256,264754,108617,237971,11760,42109,36228,5963,20051,0.2535491926534511,1.7216259462033523,16.230408045545314,1.718862274176107,18.76136471541973,7.696968322649497,16.863430666555175,0.8333534112925056,2.983986292186745,2.567238723155178,0.4225583666273139,1.4208817389307848,0.35474212290059687,2.408736689734489,22.7080565525173,2.4048700204239455,26.2491324780393,10.768872320596458,23.593722115365548,1.1659495151791557,4.174912256350261,3.5918383533937464,0.5912038230453491,1.9879637524538478
"14","Calvados",512148,117779,22.997063348875717,394369,77.00293665112429,5547,1.083085358138663,1.4065507177288277,2572,0.5021985832220374,0.6521810791416162,386250,75.41765270976359,97.94126820312957,2757,8777,120366,9816,91774,22255,73949,6848,19641,18383,3764,7920,0.5383209540992057,1.7137624280481423,23.502190772979688,1.9166334731366714,17.919429539898623,4.345423588493951,14.438990291868755,1.3371134906316144,3.8350242508025025,3.589392128837758,0.7349438053062787,1.546427985660395,0.7137864077669903,2.2723624595469256,31.16271844660194,2.5413592233009705,23.760258899676376,5.761812297734628,19.145372168284787,1.77294498381877,5.085048543689321,4.759352750809062,0.9744983818770225,2.0504854368932035
"15","Cantal",115745,25019,21.61562054516394,90726,78.38437945483606,1804,1.5585986435699166,1.9884046469589756,821,0.7093178971013867,0.9049225139430813,88101,76.11646291416476,97.10667283909794,555,2496,25038,6848,21570,4906,12943,1810,2751,6987,650,1547,0.47950235431336125,2.1564646421011706,21.63203594107737,5.9164542744827,18.635794202773337,4.238628018488919,11.182340489869972,1.5637824528057367,2.376776534623526,6.036545855112531,0.5615793338805133,1.3365588146356215,0.6299587972894746,2.83311199645861,28.419654714475435,7.772897015924904,24.483263527088226,5.568608755859752,14.691093177148954,2.054460221790899,3.122552524942963,7.930670480471277,0.7377895824110964,1.7559392061384091
"16","Charente",257608,59908,23.25548895997019,197700,76.74451104002982,3293,1.2782988105959443,1.6656550328780981,1744,0.676997608769914,0.8821446636317654,192663,74.78921462066396,97.45220030349013,1319,5374,53125,8482,50430,10617,37305,4003,7557,8343,1763,4345,0.5120182603024751,2.08611533803298,20.62241855842986,3.2925996087078038,19.57625539579516,4.121378218067761,14.481304928418373,1.5539113692121362,2.9335269091022016,3.238641657091395,0.6843731561131642,1.6866712213906403,0.6846151051317586,2.7893264404685905,27.57405417750165,4.4025059300436515,26.17523862910886,5.5106585073418355,19.36282524407904,2.0777212023066185,3.9223929867177403,4.330359228289812,0.9150693179281959,2.2552332310822525
"17","Charente-Maritime",519202,116437,22.426146278327124,402765,77.57385372167288,5871,1.1307737643537583,1.457673829652527,2825,0.5441042214783456,0.7014015617047162,394069,75.89897573584076,97.84092460864275,2331,10002,113753,14335,99791,24347,71633,6857,19012,19316,3403,9289,0.4489582089437252,1.9264178489297037,21.90919911710664,2.7609677928821537,19.22007234178605,4.689311674454259,13.796749627312686,1.320680582894519,3.6617732597332058,3.7203246520622035,0.6554289082091364,1.7890917215264965,0.5915207742806463,2.53813418462249,28.866264537428727,3.6376878160931208,25.32323019572714,6.178359627374901,18.177781048496584,1.7400506002755862,4.824535804643349,4.901679655085784,0.863554352156602,2.357201403815068
"18","Cher",224570,59808,26.63223048492675,164762,73.36776951507325,3146,1.4008994968161375,1.9094208616064385,1087,0.48403615799082694,0.6597395030407497,160529,71.48283386026628,97.43083963535281,1304,5749,43497,5495,44772,10822,27901,2585,5028,8147,1459,3770,0.580665271407579,2.560003562363628,19.369016342343144,2.4468985171661397,19.936768045598257,4.818987398138665,12.424188449035935,1.1510887473838893,2.238945540366033,3.627822059936768,0.649686066705259,1.6787638598209913,0.8123142858922686,3.581284378523507,27.096038721975468,3.4230575160874364,27.890287736172283,6.74146104442188,17.380660192239407,1.6103009425088304,3.1321443477502506,5.075095465616805,0.9088700484024693,2.3484853204093965
"19","Corrèze",185032,38430,20.76938043149293,146602,79.23061956850707,2517,1.3603052444982489,1.7168933575258183,1485,0.8025638808422327,1.012946617372205,142600,77.06775044316659,97.27016002510199,885,6292,33125,10177,31658,8012,27731,3605,5040,12278,1179,2618,0.47829564615850234,3.400492887716719,17.902308789830947,5.5001297072938735,17.10947295602923,4.330061827143413,14.98713736002421,1.9483116433914136,2.723853171343335,6.635608975744736,0.6371870811535302,1.4148903973366769,0.620617110799439,4.41234221598878,23.229312762973354,7.136746143057504,22.200561009817672,5.618513323983169,19.44670406732118,2.5280504908835906,3.534361851332398,8.610098176718092,0.8267882187938289,1.8359046283309959
"2A","Corse-du-Sud",113923,42371,37.19266522124593,71552,62.807334778754075,1099,0.9646866743326633,1.5359458855098391,1027,0.9014860914828436,1.4353197674418605,69426,60.94116201293856,97.0287343470483,198,1866,13022,6807,20285,9279,9412,630,2281,3808,612,1226,0.17380160283700394,1.637948438857825,11.43052763708821,5.975088436926696,17.80588643206376,8.144975114770503,8.261720635868086,0.5530050999359216,2.002229576117202,3.3426086040571263,0.5372049542234667,1.0761654801927616,0.2851957479906663,2.6877538674271886,18.75666176936594,9.804684124103362,29.218160343387208,13.365309826289861,13.556880707515917,0.9074410163339384,3.2855126321551005,5.484976809840694,0.8815141301529686,1.765909025437156
"2B","Haute-Corse",129126,48272,37.38364078496972,80854,62.61635921503028,1376,1.0656258228397069,1.7018329334355753,967,0.748880937998544,1.1959828827268906,78511,60.80185245419203,97.10218418383754,257,2687,13772,8601,21999,9657,10367,962,2520,5552,762,1375,0.1990304044111953,2.080913216548178,10.665551476852068,6.660935830119419,17.036847730124066,7.4787416941591935,8.028592227746541,0.7450087511422951,1.9515821755494636,4.299676285178817,0.5901212768923377,1.0648513854684571,0.3273426653589943,3.422450357274777,17.54149100126097,10.955152781138949,28.020277413356094,12.300187234909759,13.204519111971571,1.2253060080753015,3.209741310134886,7.071620537249558,0.9705646342550726,1.7513469450140744
"21","Côte-d'Or",366861,77879,21.228476180351684,288982,78.77152381964831,4588,1.2506099040235947,1.5876421368804978,1646,0.4486712951226759,0.5695856489331516,282748,77.07224262050204,97.84277221418634,1774,5721,80740,8183,69108,21651,53876,5126,13461,14344,2286,6478,0.4835618940143542,1.5594462207757163,22.008335582141463,2.2305450838328413,18.837652407860197,5.90169028596662,14.685671139750479,1.3972594524901802,3.6692371225068894,3.909927738298702,0.6231242895810675,1.7657914032835325,0.6274138101772603,2.023356487048538,28.555462814944754,2.894096509966472,24.44155219488732,7.657348593093497,19.054423019791475,1.8129217536463564,4.760776380381117,5.073068598186371,0.8084937824493895,2.291086055427448
"22","Côtes-d'Armor",471751,96596,20.4760562245761,375155,79.5239437754239,5722,1.21292800651191,1.5252362356892484,3043,0.645043677702856,0.8111313990217377,366390,77.66597209120914,97.663632365289,2603,11628,113654,11949,79850,17319,74226,8288,19349,17227,3896,6401,0.5517741350839744,2.4648596399371705,24.09194681092356,2.5329040108023086,16.926302222994757,3.6712163832191136,15.734147887338873,1.7568590209665693,4.101528136665317,3.6517145697624382,0.8258594046435515,1.3568598688715021,0.7104451540707989,3.173667403586342,31.01995141788804,3.261278965037255,21.79371707743115,4.726930320150659,20.2587406861541,2.2620704713556594,5.28098474303338,4.701820464532329,1.063347798793635,1.7470454979666477
"23","Creuse",90946,21967,24.153893519231193,68979,75.84610648076881,1388,1.5261803707694677,2.01220661360704,743,0.8169683108657886,1.077139419243538,66848,73.50295779913355,96.91065396714941,490,2430,15542,4275,16772,3501,13679,1641,1906,4391,665,1556,0.538781254810547,2.6719152024278143,17.089261759725552,4.7005915598267105,18.441712664658148,3.849537087942295,15.040793437864227,1.804367426824709,2.0957491258549026,4.828139775251248,0.7312031315285994,1.710905372418798,0.7330062230732408,3.635112494016276,23.2497606510292,6.395105313547152,25.089755864049785,5.2372546673049305,20.46284107228339,2.4548228817616082,2.851244614648157,6.568633317376735,0.99479415988511255,2.3276687410244135
"24","Dordogne",318168,64856,20.384199542380127,253312,79.61580045761988,3649,1.1468783787181616,1.440516043456291,2573,0.8086922632068594,1.0157434310257707,247090,77.66022981569485,97.54374052551795,1295,8877,58648,15885,63498,15815,50164,5374,8582,11300,2224,5428,0.40701767619622337,2.7900354529682434,18.43302909154912,4.992645394885721,19.957381006260842,4.970644439415654,15.766513288577103,1.6890447813733624,2.6973171406301075,3.551582811596389,0.6990017852203867,1.7060169470216995,0.5241005301711927,3.592618074385851,23.73548099882634,6.428831599821927,25.698328544255126,6.400501841434295,20.30191428224534,2.1749160225019226,3.4732283783236872,4.573232425432028,0.9000768950584807,2.1967704075438097
"25","Doubs",368379,84117,22.834363522350625,284262,77.16563647764939,5003,1.358112161659595,1.7599960599728421,2166,0.5879813995911819,0.7619731093146463,277093,75.2195429163986,97.47803083071251,2069,5001,76336,8688,66703,19486,55587,4902,13090,15111,2345,7775,0.5616498226011798,1.3575692425463992,20.722136712461893,2.3584406277230787,18.107166803753742,5.2896609198678535,15.089622372610817,1.330694746443201,3.5534055958672996,4.102025359751777,0.6365726602222168,2.110598052549141,0.7466807173042986,1.8048092156784907,27.548873482910068,3.1354094112806896,24.072423338012868,7.032296016138987,20.060773819620128,1.7690811388234275,4.724045717502788,5.453403730877359,0.8462862649002321,2.8059171469506627
"26","Drôme",382188,84289,22.054329282970684,297899,77.94567071702932,4577,1.1975781552534355,1.5364267755178769,1901,0.49739918574104897,0.6381357439937697,291421,76.25069337603483,97.82543748048835,2041,6752,72228,9945,70574,22009,65257,5310,14234,13204,2109,7758,0.5340303724868389,1.7666698064826736,18.898552544820873,2.6021225156205845,18.465781238552754,5.758684207772092,17.074581096214427,1.3893685830010363,3.724345086711252,3.454844212795797,0.551822663191937,2.029891048384565,0.7003613329169827,2.316922939664609,24.784761564883794,3.4125886603916666,24.21719779974676,7.552304054958291,22.39268961399487,1.8221061625620667,4.884342583410255,4.530902028337011,0.7236952724752163,2.662127986658477
"27","Eure",432198,106463,24.632922873312697,325735,75.3670771266873,5006,1.1582654246433348,1.5368320874330361,1871,0.43290343777620444,0.5743932951632462,318858,73.77590826426777,97.88877461740371,2197,7056,83059,7768,102951,20930,55568,4027,11477,13552,2710,7563,0.5083318293930097,1.6325850651784597,19.217812206442417,1.797324374476513,23.820332347673983,4.8426878421464234,12.857070139149188,0.9317488743585116,2.6554958606934784,3.135599887088788,0.6270274272439946,1.7498924104230005,0.6890214452828533,2.212897277157857,26.048899510126766,2.4361941679368244,32.28741320587848,6.564050455061501,17.42719329607537,1.262944633661379,3.5994078868963615,4.250167786287313,0.8499081095660136,2.371902226069285
"28","Eure-et-Loir",303888,78960,25.983256989417153,224928,74.01674301058284,3489,1.1481203601326806,1.5511630388390951,1418,0.46661928078765863,0.6304239578887466,220021,72.40200336966251,97.81841300327216,1419,4267,59869,5694,61960,14803,40529,3076,7904,13003,1766,5731,0.46694834939188123,1.4041357342178697,19.70100826620334,1.873716632443532,20.38909071763281,4.871202548307271,13.336821460538092,1.012215026588743,2.6009582477754964,4.278879060706576,0.5811351550571263,1.8858921707997682,0.6449384376945837,1.9393603337863206,27.210584444212145,2.5879347880429595,28.160948273119384,6.727994146013335,18.420514405443118,1.3980483681103166,3.5923843633107753,5.909890419550861,0.8026506560737384,2.604751364642466
"29","Finistère",709708,154888,21.824186848675794,554820,78.1758131513242,8692,1.224729043493944,1.566634223712195,3220,0.45370772204906806,0.58036840777189,542908,76.4973763857812,97.85299736851591,3627,15340,174892,18320,100890,25607,116592,13077,33200,26541,6266,8556,0.5110552508919162,2.1614523156002186,24.642810846150812,2.581343313024511,14.215705614139901,3.6081036144442504,16.42816482271582,1.8425887829924419,4.677980239760577,3.739707034442334,0.882898318745174,1.205566232873238,0.6680689914313291,2.8255247666271264,32.21392943187428,3.3744207121648606,18.58325904204764,4.716637072947902,21.47546177252868,2.4086953959050152,6.115216574447236,4.88867358742181,1.1541550317917584,1.5759576208123662
"30","Gard",554991,132674,23.90561288381253,422317,76.09438711618746,5801,1.045242175098335,1.373612712725275,2544,0.4583858116618107,0.6023910948410791,413972,74.59075912942733,98.02399619243364,1768,12123,88276,15162,121478,38479,88826,6624,14993,15395,2716,8132,0.318563724456793,2.1843597463742657,15.905843518183177,2.731936193559896,21.888282873055598,6.933265584486955,16.004944224320756,1.1935328681005637,2.701485249310349,2.773918856341815,0.4893773052175621,1.4652489860195932,0.4270820248712473,2.928458929589441,21.324147526885877,3.662566550394713,29.34449672924739,9.29507309673118,21.457006754079984,1.6001082198796053,3.6217425333114317,3.7188505502787628,0.6560830201076401,1.9643840646227282
"31","Haute-Garonne",930321,183366,19.70997107450009,746955,80.29002892549991,10148,1.090806291591827,1.3585825116640227,4351,0.4676880345601142,0.5824982763352544,732456,78.73153459934797,98.05891921200073,3015,16338,197049,35517,133411,50699,189462,19700,42711,27195,4899,12460,0.3240816879335197,1.756168032324327,21.180753739838185,3.8177145307909854,14.340319094162124,5.44962437696236,20.365228775874133,2.117548674059814,4.59099601105425,2.923184578226225,0.5265924342243161,1.33932266389773,0.41162882138995377,2.230577672925063,26.902503358563518,4.849028474065337,18.214199897331717,6.92178096704785,25.866673219961335,2.6895813536922355,5.831203512565943,3.7128510108457027,0.6688456371440742,1.7011260744672716
"32","Gers",147279,28270,19.194861453431923,119009,80.80513854656807,1749,1.1875420120994846,1.4696367501617524,866,0.5879996469286185,0.7276760581132519,116394,79.02959688753998,97.80268719172498,529,3128,28970,11720,26013,8394,21353,3861,4089,5126,793,2418,0.35918223236170804,2.123860156573578,19.670149851642122,7.9576857528907725,17.662395860917034,5.699386877966309,14.498333095689134,2.6215550078422587,2.776363228973581,3.480469041750691,0.5384338568295548,1.6417819241032325,0.4544907813117514,2.687423750365139,24.889599120229565,10.069247555715931,22.34909015928656,7.2117119439146355,18.345447359829546,3.3171812980050515,3.5130676839012316,4.404007079402718,0.6813065965599602,2.0774266714779115
"33","Gironde",1158548,249014,21.493628231199743,909534,78.50637176880025,12367,1.0674568511619718,1.359707278672375,5147,0.44426299126147556,0.5658941831751204,892020,76.99465192637682,98.07439853815251,3679,21522,256179,37725,191542,58321,194775,19598,46677,37575,8734,15693,0.317552660744311,1.8576701181133626,22.112074769452796,3.256231075449614,16.532936054440558,5.033973560007872,16.811992252371073,1.6916001753919563,4.028922409774995,3.243283834592956,0.7538746776137026,1.354540338423613,0.4124346987735701,2.4127261720589224,28.718974910876437,4.229165265352795,21.47283693190736,6.538082105782382,21.835272751732024,2.197035940898186,5.232730207842874,4.21234949889016,0.9791260285643819,1.7592654873209121
"34","Hérault",847351,195749,23.101288604132172,651602,76.89871139586782,8854,1.0449034697545645,1.358804914656493,4020,0.4744196914855827,0.6169410161417552,638728,75.37938823462767,98.02425406920176,2581,14165,142302,22068,165729,57747,154823,12155,28057,23234,4393,11474,0.3045963243095246,1.6716803308192238,16.793748989497857,2.6043516795283184,19.558482848311975,6.815003463735807,18.271412909172234,1.4344704850764323,3.3111426079629336,2.7419569930288628,0.5184392300239216,1.354102373160591,0.40408436768076555,2.21768890670207,22.278966946806776,3.4549917961949372,25.94672536666625,9.040937613506845,24.239269297729237,1.9030009644167782,4.392636615272854,3.63754211495347,0.6877731992334766,1.7963828108365376
"35","Ille-et-Vilaine",771651,161431,20.920208747218627,610220,79.07979125278138,9494,1.2303489530888965,1.5558323227688373,3882,0.5030771683053609,0.6361640064239127,596844,77.34636513138712,97.80800367080725,3783,12696,205894,13985,101797,27463,132510,13973,42613,26194,5376,10560,0.4902475341831994,1.6453033819693101,26.682269575235434,1.8123478100851291,13.19210368417847,3.558992342393129,17.172270884117303,1.8107927029188065,5.52231513987541,3.3945397595545135,0.6966880105125245,1.3684943063638872,0.6338339666646561,2.12718901421477,34.497121525892865,2.3431583462345267,17.055880598615385,4.601369872194409,22.20178137000623,2.3411477706067245,7.1397216022947365,4.388751499554322,0.9007378812554034,1.7693065524659708
"36","Indre",166100,41406,24.92835641180012,124694,75.07164358819988,2417,1.4551475015051174,1.9383450687282466,1289,0.7760385310054184,1.0337305724413364,120988,72.84045755568934,97.02792435883042,1085,3702,31497,4983,34514,7438,20952,2463,3726,6588,1154,2886,0.6532209512341963,2.2287778446718844,18.962673088500903,3,20.779048765803733,4.478025285972306,12.614087898856111,1.4828416616496087,2.243226971703793,3.9662853702588805,0.6947621914509332,1.7375075255869958,0.8967831520481371,3.0598075842232286,26.03316031341951,4.1185902734155455,28.526796045888847,6.147717128971468,17.317419909412504,2.035739081561808,3.0796442622408833,5.445168115846199,0.9538136013488941,2.385360531622971
"37","Indre-et-Loire",440502,105550,23.96129870011941,334952,76.0387012998806,5418,1.2299603634035714,1.617545200506341,2047,0.46469709558639916,0.6111323413504024,327487,74.34404384089062,97.77132245814326,2243,7833,101503,8520,70553,19931,68012,6216,16244,16279,2882,7271,0.5091917857353656,1.7781985098819075,23.042574154033353,1.9341569391285396,16.016499357551158,4.524610557954334,15.439657481691343,1.4111173161529347,3.687610952958216,3.69555643334196,0.654253556170006,1.6506167962915037,0.6849126835569046,2.391850668881513,30.994512759285104,2.6016299883659504,21.543755935350106,6.0860431101081875,20.767847273326883,1.8980906112303693,4.960196893311795,4.9708843404471015,0.8800349326843507,2.22024080345174
"38","Isère",885435,198671,22.43767187879404,686764,77.56232812120597,10995,1.2417625235053957,1.6009866562603745,3281,0.37055232738710353,0.47774781438747516,672488,75.95001327031346,97.921265529352155,3479,14699,180553,17031,154889,47463,153506,12737,40387,28581,4831,14332,0.39291421730561815,1.6600879793547803,20.39144601241198,1.923461349506175,17.492983674690972,5.36041606667909,17.336789261775284,1.4385019792531355,4.561260849187123,3.227904928086195,0.5456075262441624,1.6186394258189476,0.5173326512889449,2.18576390954188,26.84850882097524,2.5325358965513143,23.03223254541345,7.057821106101521,22.826578318126124,1.8940114916548696,6.005609022019724,4.250038662399923,0.718377130893042,2.131190445033963
"39","Jura",190597,41634,21.843995445888446,148963,78.15600455411156,2567,1.3468207789209694,1.7232467122708324,1175,0.6164839950261547,0.7887864771788967,145221,76.19269978016443,97.48796681055028,1053,3166,36138,6218,38177,9657,28881,2635,6388,7423,1342,4143,0.5524745929893965,1.661096449576856,18.96042435085547,3.262380834955429,20.030220832437028,5.066711438270277,15.152914264127975,1.382498150548015,3.3515742640230433,3.8946048468758687,0.7041034224043401,2.173696333100731,0.7251017414836697,2.180125463948052,24.884830706302807,4.281749884658555,26.288897611227025,6.649864688991261,19.88761955915467,1.8144758678152608,4.3988128438724425,5.111519683792289,0.9241087721472789,2.852893176606689
"40","Landes",329337,65654,19.93520315057221,263683,80.0647968494278,4033,1.2245815076957645,1.5294880595260218,1600,0.4858245505363807,0.6067892128047694,258050,78.35439079119566,97.86372272766921,1115,8176,69459,24308,58646,16817,44548,9071,8628,10393,1975,4914,0.3385589836550403,2.4825634532409055,21.09055465981654,7.380889484023963,17.807291619222863,5.106319666481446,13.526570048309178,2.754321561197193,2.619808888767433,3.155734096077878,0.5996896795683448,1.4920886508348592,0.4320868048827747,3.1683782212749465,26.916876574307302,9.419879868242589,22.726603371439644,6.5169540786669256,17.263321061809727,3.5152102305754696,3.3435380740166636,4.027514047665181,0.7653555512497577,1.9042821158690177
"41","Loir-et-Cher",244714,59346,24.2511666680288,185368,75.7488333319712,3151,1.2876255547291942,1.699861896335937,1407,0.5749568884493735,0.759030684907859,180810,73.88625088879263,97.5411074187562,1246,4507,50480,5483,50212,12703,30377,3165,7097,9586,1527,4427,0.5091658017113855,1.8417417883733664,20.628161854246184,2.240574711704275,20.518646256446303,5.1909576076562844,12.413266098384236,1.293346518793367,2.9001201402453476,3.9172258227972248,0.623993723285141,1.8090505651495215,0.689121176926055,2.492671865494165,27.918809800342903,3.0324650185277364,27.77058790996073,7.0256069907637855,16.800508821414745,1.750456280073005,3.9251147613516952,5.301697914938333,0.8445329351252697,2.4484265250815773
"42","Loire",513794,118593,23.081818783403467,395201,76.91818121659654,6675,1.2991588068369813,1.6890139448027714,2264,0.4406435263938466,0.5728730443495841,386262,75.17837888336571,97.73811301084766,2391,9018,104096,11944,97846,28728,78222,6973,16671,18558,2772,9043,0.4653616040669996,1.7551781453267263,20.260259948539687,2.324667084473544,19.04381911816798,5.5913459479869365,15.224389541333686,1.3571587056291043,3.2446856133002724,3.611953428806097,0.5395158370864588,1.760043908648213,0.6190098948382186,2.3346847476583252,26.94958344336228,3.092201666226551,25.331510736236023,7.43743883685167,20.251021327492737,1.8052513578866158,4.315982416080278,4.8045109278158344,0.7176476070646349,2.3411570384868305
"43","Haute-Loire",180502,36965,20.47899746263199,143537,79.521002537368,2817,1.5606475274512195,1.9625601761218363,1227,0.6797708612646951,0.854831855201098,139493,77.28058414865208,97.18260796867708,1020,3503,32401,7800,38585,9517,24291,2482,5796,9532,1203,3363,0.5650906915158835,1.9406987180197448,17.95049362333935,4.321281758650874,21.376494443274865,5.272517756035945,13.457468615306201,1.375054016021983,3.211044752966726,5.280827913264119,0.6664746096996155,1.8631372505567807,0.7312194877162295,2.5112371230097565,23.22768884460152,5.591678435477049,27.660886209343836,6.822564573132701,17.413777035406795,1.7793007534428251,4.1550472066698685,6.833317800893235,0.8624088663947295,2.4108736639114507
"44","Loire-Atlantique",1056693,236339,22.36590949310727,820354,77.63409050689273,13372,1.2654574223544588,1.6300280122971305,4555,0.431061812655142,0.5552481002103969,802427,75.93757127188313,97.81472388749248,4712,18322,256609,18298,135702,42761,187977,18369,60072,37541,7279,14785,0.4459194865490733,1.733900006908345,24.284158218139044,1.7316287701347508,12.842140527097273,4.046681486486614,17.789178124583017,1.738347845589968,5.684905644307287,3.5526874882297887,0.6888471864581293,1.399176487399841,0.5872185257973622,2.2833229689429695,31.97910837995232,2.280332042665563,16.91144490402242,5.328958272839772,23.42605620199719,2.2891801995695555,7.4862884723470176,4.678431807503984,0.9071230155515704,1.8425352088102718
"45","Loiret",457550,114468,25.017593705605947,343082,74.98240629439405,5486,1.198994645393946,1.5990346331197791,2176,0.47557643973336244,0.6342507039133501,335420,73.30783520926674,97.76671466296688,1959,7530,97003,8483,85832,22878,63486,5656,14401,18086,2432,7674,0.42814992896951154,1.645721779040542,21.200524532837942,1.8540050267730301,18.75904272757076,5.0001092776745715,13.87520489563982,1.236149054748115,3.1474155829963943,3.952792044585291,0.531526609113758,1.6771937493170144,0.5840438852781588,2.2449466340707174,28.91986166597102,2.5290680341064933,25.589410291574744,6.820702402957486,18.927315008049607,1.6862441118597578,4.293423170949854,5.392045793333731,0.7250611174050444,2.2878778844433842
"46","Lot",139278,27164,19.503439164835797,112114,80.4965608351642,1716,1.2320682376254686,1.530584940328594,1013,0.7273223337497666,0.903544606382789,109385,78.53717026378897,97.56587045328861,618,3559,27308,8031,21421,6123,25932,2766,4603,5648,976,2400,0.4437168827812002,2.555321012650957,19.60682950645472,5.766165510705208,15.380031304297878,4.396243484254512,18.618877353207257,1.98595614526343,3.30490098938813,4.055198954608768,0.7007567598615718,1.7231723603153406,0.5649769163962152,3.2536453809937376,24.96503176852402,7.341957306760524,19.58312382867852,5.597659642546967,23.707089637518855,2.528683091831604,4.2080724048087035,5.16341363075376,0.8922612789687799,2.1940851122183114
"47","Lot-et-Garonne",241299,52902,21.92383723098728,188397,78.07616276901271,2779,1.1516831814470843,1.4750765670366301,1523,0.6311671411816875,0.808399284489668,184095,76.29331244638394,97.71652414847371,889,4970,42567,13599,50288,15646,34044,3357,5685,7702,1436,3912,0.36842257945536455,2.059685286718967,17.64076933596907,5.635746521949946,20.84053394336487,6.4840716289748395,14.108637002225455,1.3912200216329118,2.3559981599592206,3.1918905590159925,0.5951122880741321,1.6212251190431788,0.4829028490724897,2.6996930932399033,23.12230098590402,7.3869469567342945,27.31633124202178,8.498872864553627,18.492626089790598,1.8235150329992666,3.0880795241587227,4.183709497813629,0.7800320486705233,2.1249898150411473
"48","Lozère",59812,11679,19.526182037049423,48133,80.47381796295058,728,1.2171470607904769,1.5124758481706937,410,0.685481174346285,0.8518064529532753,46995,78.57118972781382,97.63571769887604,235,1343,10739,4722,10497,3148,9153,1045,1736,3038,426,913,0.3928977462716512,2.245368822309904,17.95459105196282,7.894736842105263,17.54998996856818,5.263157894736842,15.302949240954991,1.747141041931385,2.9024276065003676,5.079248311375643,0.712231659198823,1.526449541897947,0.5000531971486328,2.857750824555804,22.851367166719864,10.04787743376955,22.33641876795404,6.698584955846367,19.476540057452922,2.223640812852431,3.694010001063943,6.464517501861901,0.9064794127034792,1.9427598680710714
"49","Maine-et-Loire",589167,136884,23.23348049025149,452283,76.7665195097485,8005,1.3586979583038425,1.769909547783136,3044,0.5166616595973638,0.6730299392194711,441234,74.89115989184731,97.5570605129974,3079,8360,157086,11028,89386,21693,80606,8796,26614,21521,3654,9411,0.5226022502957566,1.4189525211018268,26.662389441363825,1.8717952634821704,15.171589719044007,3.6819781148638673,13.681350109561466,1.4929553080875202,4.517225167057897,3.6527843548603367,0.62019766891221,1.5973399732164224,0.6978156715031026,1.8946862662442152,35.601517562109905,2.499354084227417,20.258184999342753,4.9164388963679135,18.268311145559952,1.9935000475937936,6.031720130361667,4.877457312899732,0.8281320115856892,2.1328818722038645
"50","Manche",384613,93460,24.299750658454084,291153,75.70024934154593,4747,1.2342276522114437,1.6304142495526408,1948,0.5064831401954693,0.6690640316259835,284458,73.959538549139,97.70052171882138,2249,7368,92642,9421,69770,13990,46940,5853,11873,14746,2720,6886,0.5847436254104775,1.9156918772896392,24.087069339829906,2.4494751867461577,18.140312469937314,3.6374225520198227,12.20447566774914,1.5217894350944976,3.0869991393946643,3.8339837706993785,0.7072043846671849,1.7903711003008218,0.7906263842113774,2.5901890613025476,32.56790106096506,3.311912479170914,24.527346743631746,4.918124995605678,16.50155734765765,2.05759725513081,4.173902649951838,5.183893580071574,0.9562044308825908,2.420744011418206
"51","Marne",380644,101010,26.53660638286693,279634,73.46339361713306,3796,0.9972572797679722,1.3574887173948804,1732,0.45501833734408004,0.6193810480842816,274106,72.01111800002101,98.02313023452083,1778,5307,78472,6921,83756,19501,42858,3542,9561,14357,1894,6159,0.46710311997562026,1.3942161179474786,20.615588318744024,1.8182343607149987,22.003762045375733,5.12315969777535,11.259339435272855,0.9305282626285978,2.5117957986990467,3.7717657443700676,0.4975777892203739,1.618047309296876,0.6486541702844885,1.9361123069177615,28.62834086083486,2.5249356088520503,30.556062253288875,7.114400998153998,15.635557047273682,1.2922008274171306,3.4880666603430788,5.237754737218448,0.6909735649712155,2.246940964444412
"52","Haute-Marne",129389,33273,25.715478131835006,96116,74.28452186816499,1489,1.1507933441018943,1.5491697532148654,819,0.6329749824173616,0.8520953847434349,93808,72.50075354164574,97.59873486204171,696,1833,21886,3327,34331,6450,13228,1305,2580,4841,747,2584,0.5379128055707981,1.416658293981714,16.91488457287714,2.5713159542155823,26.53316742536073,4.98496781024662,10.223434758750743,1.0085865104452465,1.9939871240986482,3.7414308789773476,0.5773288301169341,1.9970785770042274,0.7419409858434249,1.953991130820399,23.330632781852294,3.546605833191199,36.597091932457786,6.875746205014497,14.101142759679345,1.3911393484564216,2.750298482005799,5.160540678833362,0.7963073511854,2.7545625106600715
"53","Mayenne",224722,52812,23.50103683662481,171910,76.4989631633752,3483,1.5499150060964215,2.0260601477517306,1519,0.6759462802929842,0.8836018847071142,166908,74.27310187698579,97.09033796754115,1273,3313,60755,4673,37376,8042,25608,3468,7934,9236,1372,3858,0.5664776924377676,1.4742659819688326,27.0356262404215,2.0794581749895427,16.63210544583975,3.5786438354945225,11.395412999172311,1.5432400922028107,3.5305844554605246,4.10996698142594,0.6105321241355987,1.7167878534366905,0.7626956167469504,1.984925827401922,36.400292376638625,2.79974596783857,22.39317468305893,4.818223212787883,15.342583938457114,2.0777913581134517,4.7535169075179144,5.533587365494764,0.8220097299110888,2.3114530160327846
"54","Meurthe-et-Moselle",492065,130782,26.57819597004461,361283,73.4218040299554,5047,1.0256775019560425,1.3969658135035417,2302,0.4678243727962769,0.6371736284297905,353934,71.92830215520307,97.96586055806667,2376,7961,95273,8750,97282,23538,73917,6358,14593,13390,3214,7282,0.48286303638746914,1.6178756871551525,19.361872923292655,1.7782203570666475,19.77015231727516,4.783514373101115,15.021795900948046,1.2921057177405424,2.9656651052198386,2.721185209271133,0.6531657402985378,1.4798857874467803,0.6713116004678839,2.2492894155407503,26.91829550142117,2.4722123333728887,27.485915453163585,6.650392446049263,20.884402176677007,1.7963801160668373,4.1230850949612075,3.783191216441483,0.9080789073669102,2.0574457384710145
"55","Meuse",134805,34092,25.289863135640367,100713,74.71013686435964,1509,1.1193946812061868,1.4983169997914867,705,0.5229776343607433,0.7000089362842931,98499,73.0677645487927,97.80167406392421,702,1957,24538,3500,34582,7347,13556,1483,3130,4401,882,2421,0.5207521976187827,1.4517265680056377,18.20258892474315,2.5963428656207115,25.65335113682727,5.450094581061533,10.056006824672675,1.1001075627758614,2.3218723341122365,3.2647157004562146,0.6542784021364193,1.7959274507622123,0.7126975908384857,1.9868222012406216,24.91192803987858,3.553335566858547,35.108985878029216,7.458958974202784,13.762576269809845,1.5055990416146356,3.177697235504929,4.468065665641276,0.8954405628483538,2.457892973532726
"56","Morbihan",608972,130520,21.432840918794298,478452,78.5671590812057,7959,1.3069566416846752,1.6634897544581275,3119,0.5121746155816688,0.6518940248969594,467374,76.74802782393935,97.68461622064491,2952,11529,152740,14399,102856,26595,84200,8267,27036,22838,4376,9586,0.48475135145786674,1.8931904915168514,25.08161294772173,2.364476527656444,16.890103321663393,4.367195864506086,13.826579875593623,1.3575336797094117,4.4396129871324135,3.750254527301748,0.7185880467410654,1.5741282029387231,0.6316140820841554,2.4667610949689114,32.68046575119711,3.080830341439618,22.007214778742508,5.69030369682524,18.015550715272994,1.768818975809523,5.784660678600008,4.886450679755399,0.9362951298103874,2.051034075494144
"57","Moselle",745914,210299,28.193464662146038,535615,71.80653533785396,7943,1.064868067900589,1.4829681767687612,3353,0.44951562780695903,0.6260093537335586,524319,70.29215164214642,97.89102246949768,3499,8750,136366,14163,159254,39369,100159,7534,18931,19300,4343,12651,0.4690889298230091,1.1730574838386194,18.281732210415676,1.8987443592692992,21.35018246071263,5.277954294999156,13.42768737414769,1.010036009513161,2.537960140177018,2.587429650066898,0.5822387031212714,1.6960400260619857,0.6673418281618634,1.6688313793701928,26.00821255762236,2.7012181515451474,30.37349399888236,7.508596865648584,19.102683671581612,1.4369114985342892,3.6105882106122413,3.68096521392511,0.8283125349262568,2.412844089189978
"58","Nièvre",154185,38849,25.19635502805072,115336,74.80364497194928,1958,1.269903038557577,1.6976486092807102,937,0.6077115153873593,0.8124089616425054,112441,72.92603041800434,97.48994242907678,833,4281,28686,4106,32838,7378,19930,2160,3552,5172,1010,2495,0.540260077180011,2.7765346823620973,18.604922657846092,2.6630346661478095,21.29779161397023,4.785160683594383,12.926030418004345,1.4009144858449265,2.303726043389435,3.35441190777313,0.6550572364367481,1.618185945455135,0.7408329701799166,3.8073300664348415,25.512046317624353,3.6516928878256154,29.20464954954154,6.561663450164976,17.724851255325014,1.92100746169102,3.158990048114122,4.599745644382387,0.8982488594018196,2.2189414893143957
"59","Nord",1813906,514033,28.33845855297904,1299873,71.66154144702097,17416,0.9601379564321414,1.3398231981124311,7676,0.42317518107333013,0.590519227647624,1274781,70.27822830951548,98.06965757423994,7673,45902,336138,22459,373127,73168,279785,18215,46962,42470,8265,20617,0.42300979212814777,2.530561120587285,18.53116975190556,1.2381567732837313,20.570360316355973,4.033726113701592,15.424448675951236,1.0041865454990502,2.5889985478850615,2.341356167298636,0.45564654397747184,1.1366079609417468,0.6019073080003546,3.600775348863844,26.368293848119794,1.76179280990225,29.269890279193056,5.739652536396448,21.947691407386838,1.4288728809105251,3.68392688626517,3.331552635315399,0.6483466571905292,1.6172974024557942
"60","Oise",564121,142081,25.186263230760776,422040,74.81373676923923,6350,1.1256450300556087,1.504596720689982,2509,0.4447627370723657,0.59449341294664,413181,73.24332900211125,97.90090986636338,2869,9076,100388,9205,133449,30448,79648,4274,13836,17508,3060,9420,0.5085788332644947,1.6088746917771186,17.795472957042904,1.631742126245965,23.656095057620615,5.397423602383176,14.118956748640807,0.7576388753476648,2.452665296984158,3.1035894781438733,0.5424368176330965,1.6698545170273753,0.6943688117314204,2.1966160109007915,24.296373744194433,2.2278371948371296,32.29795174511897,7.369167507702436,19.276781846212675,1.0344134894876578,3.3486534956834904,4.237368126801571,0.7405955259317345,2.279872501397693
"61","Orne",205538,50935,24.781305646644416,154603,75.21869435335559,2586,1.2581615078476973,1.6726712935712762,1067,0.5191254171977931,0.6901547835423633,150950,73.44140742831009,97.63717392288636,1203,3261,46005,4895,41804,8910,22993,2368,5513,8838,1334,3826,0.5852932304488707,1.5865679339100311,22.382722416292854,2.381554749000185,20.338818126088608,4.3349648240228085,11.186739191779623,1.1520983954305286,2.6822290768616996,4.299934805242827,0.6490284035068941,1.86145627572517,0.796952633322292,2.1603179860881085,30.476979132162967,3.2427956276912884,27.693938390195427,5.902616760516728,15.232196091420999,1.5687313680026498,3.652202716131169,5.85491884730043,0.8837363365352766,2.53461411063266
"62","Pas-de-Calais",1093723,286319,26.178383374949597,807404,73.8216166250504,10605,0.9696239358594452,1.3134688458318264,5946,0.5436477060462293,0.7364343005484243,790853,72.30834498314472,97.95009685361975,5891,26152,194649,17019,305900,40776,124759,11619,19302,25320,5491,13975,0.5386190104807158,2.3910990259873843,17.79691932966574,1.5560612696267704,27.968690427100828,3.7281834614431624,11.40681872832518,1.0623347959218192,1.7647978510098077,2.3150285767054366,0.502046679095164,1.27774582778272,0.7448919078513959,3.3068092300339003,24.612538613370628,2.1519802036535234,38.67975464466848,5.155951864632239,15.775245209918912,1.4691731586021675,2.440655848811347,3.2016063667963577,0.6943136082179622,1.7670793434430925
"63","Puy-de-Dôme",468148,100903,21.553653972675306,367245,78.4463460273247,6673,1.425403932089852,1.8170431183542322,2980,0.6365508343515298,0.8114473988754102,357592,76.3843912608833,97.37150948277036,2556,12713,100133,16136,78182,20624,74534,8216,17029,17352,3189,6928,0.545981185437084,2.7155942137956375,21.389176072524073,3.44677324264976,16.700274272238694,4.4054444321026685,15.921033519314404,1.7550005553799226,3.6375248852926854,3.70652016029119,0.6811948358211506,1.4798738860360399,0.7147810912995817,3.5551690194411503,28.002024653795388,4.512405199221459,21.86346450703595,5.767466833709927,20.84330745654265,2.297590550124164,4.762131143873464,4.852457549385893,0.8917984742387972,1.9374035213315735
"64","Pyrénées-Atlantiques",519929,110134,21.182507611616202,409795,78.8174923883838,5816,1.1186142723333379,1.4192462084700885,2491,0.47910387764483225,0.607864908063788,401488,77.21977423840562,97.97288888346613,1677,10170,111610,48245,69768,25877,76030,9276,19967,17166,4981,6721,0.32254403966695455,1.956036304957023,21.46639252667191,9.279151576465248,13.418755253121098,4.977025709279536,14.623150468621676,1.7840897507159632,3.8403320453369596,3.301604642172297,0.9580154213363747,1.292676500060585,0.4176961702466823,2.5330769537321167,27.799087394891004,12.01654843980393,17.37735623480652,6.445273582273941,18.937054158530266,2.310405292312597,4.973249511816044,4.275594787390906,1.2406348384011476,1.6740226357948431
"65","Hautes-Pyrénées",177444,39595,22.31408218931043,137849,77.68591781068956,1958,1.1034467212190888,1.4203947797952832,1003,0.5652487545366425,0.727607744706164,134888,76.01722233493385,97.85199747549855,636,4539,33692,14761,29938,8714,26449,3315,4870,4562,1003,2409,0.35842293906810035,2.557990126462433,18.987398841324588,8.318680823245643,16.87180180789432,4.910845111697212,14.90554766574243,1.8681950361804287,2.744527851040328,2.5709519623092354,0.5652487545366425,1.3576114154324743,0.47150228337583777,3.3650139374888797,24.977759326255857,10.94315283790997,22.19470968507206,6.460174366882154,19.608119328628195,2.4575944487278334,3.6104027044659275,3.3820651206927224,0.7435798588458573,1.7859261016547061
"66","Pyrénées-Orientales",362076,87716,24.225853135805743,274360,75.77414686419426,3528,0.974381069167799,1.2859017349467852,2278,0.6291496812823827,0.8302959615104242,268554,74.17061611374407,97.8838023035428,1312,6509,55169,11690,87930,24782,51556,5012,8587,8815,1995,5197,0.362354864724533,1.79768888299694,15.236856350600425,3.228603939504413,24.284956749411727,6.84441940366111,14.23899954705642,1.3842397728653653,2.371601542217656,2.434571747367956,0.5509892950651244,1.435334018272407,0.4885423415774854,2.4237211138169608,20.54298204457949,4.352942052622564,32.74201836502156,9.227939259888142,19.197628782293318,1.8662913231603326,3.197494731041057,3.2823938574737297,0.7428673562858866,1.935178772239475
"67","Bas-Rhin",778673,190255,24.433234489959197,588418,75.5667655100408,8333,1.0701539670696172,1.4161701375552753,3453,0.44344673566439313,0.5868277313066561,576632,74.05316480730679,97.99700213113806,3685,7011,177018,14655,145869,40459,105039,8356,28579,24805,4156,17000,0.47324101387873985,0.9003779506930379,22.733291124772528,1.8820480484105653,18.733024003657505,5.19589095807868,13.489487885158468,1.0731077101684532,3.6702184357233394,3.185547720288234,0.5337285355983834,2.1832014208788544,0.6390557582652368,1.2158534385882156,30.6986084712607,2.5414822625175155,25.296723039997783,7.016433357843477,18.21595055425297,1.449104454834279,4.95619389836152,4.301703686233161,0.7207369691588396,2.9481541086863023
"68","Haut-Rhin",531738,137861,25.926490113552163,393877,74.07350988644784,6382,1.2002151435481385,1.6203027848795435,2409,0.45304266386829606,0.6116122545870919,385086,72.4202520790314,97.76808496053336,2265,4649,107244,11059,106930,30282,66234,4881,18963,15993,2842,13744,0.4259616578089209,0.8743027581252422,20.16857926271961,2.0797836528515923,20.109527624506807,5.69490989923609,12.456134412060074,0.9179332678875687,3.566229985443959,3.0076842354693474,0.5344737445885004,2.5847315783336904,0.588180302581761,1.207262793246184,27.8493635187984,2.8718260336652075,27.76782329142062,7.863697979152709,17.199794331655784,1.2675090758947354,4.924354559760677,4.153098268958103,0.7380169624447526,3.56907288242107
"69","Rhône",1181220,255632,21.641353854489427,925588,78.35864614551056,12566,1.063815377321752,1.3576234782646275,4072,0.34472833172482686,0.43993655924666264,908950,76.950102436464,98.20243996248871,3774,15938,278242,17572,150409,74168,229032,15895,51907,50260,5266,16487,0.3195001777822929,1.349282944752036,23.555476541203163,1.4876145002624404,12.73336042396844,6.278931951710944,19.389444811296794,1.3456426406596569,4.394354988909771,4.254922876348182,0.44581026396437584,1.3957603156058989,0.4152043566752846,1.753451785026679,30.61136476153804,1.933219649045602,16.547554871005005,8.159744760437867,25.19742560096815,1.7487210517630234,5.71065515154849,5.529457065845206,0.579349799218879,1.8138511469277738
"70","Haute-Saône",177715,39039,21.967194665616297,138676,78.03280533438371,2364,1.3302197338435133,1.7046929533589086,1580,0.8890639507075936,1.139346390146817,134732,75.8135216498326,97.15596065649427,1171,2836,30204,4819,46615,9673,21089,2345,4291,6754,1295,3640,0.6589201811889824,1.5958135216498324,16.995751624792504,2.7116450496581606,26.230200039388908,5.442984553920603,11.866752947134456,1.3195284584869031,2.41454013448499,3.8004670399234732,0.728694820358439,2.0482232788453425,0.8691327969598907,2.1049193955407772,22.41783689101327,3.5767301012380135,34.59831368939821,7.179437698542292,15.652554701184574,1.740492236439747,3.1848410177240742,5.0129145266158,0.9611673544518007,2.7016595908915475
"71","Saône-et-Loire",402992,95369,23.665234049311152,307623,76.33476595068885,5864,1.4551157343073808,1.9062293781674324,2461,0.6106820979076508,0.8000052011715639,299298,74.26896811847381,97.293765420661,1979,7419,82632,10186,81969,20686,52336,6037,10730,15210,2369,7745,0.4910767459403661,1.8409794735379361,20.504625401993092,2.5275935998729504,20.34010600706714,5.13310437924326,12.986858299916623,1.4980446261960534,2.6625838726327076,3.7742684718307067,0.5878528606026919,1.9218743796402906,0.661213907209537,2.4788003929194313,27.60860413367279,3.403297048426652,27.3870857807269,6.911506257977,17.48625116105019,2.017053237910043,3.585055696997641,5.081891626405789,0.7915188207071213,2.5877219359968997
"72","Sarthe",411354,105499,25.646766531989478,305855,74.35323346801053,6680,1.623905443972831,2.1840414575534157,2112,0.5134263918668591,0.690523287178565,297063,72.21590163217083,97.12543525526802,2150,6908,83876,7546,82235,16218,54244,5409,13541,15937,2505,6494,0.5226641773265849,1.6793321567311854,20.390223505788203,1.834429712607632,19.99129703369847,3.942589594363979,13.186695644141055,1.314925830306743,3.2918119186880404,3.874278601885481,0.6089645414898117,1.5786889151436476,0.7237522007116336,2.325432652333007,28.23508817994836,2.540201910032552,27.682680104893574,5.459447995879662,18.260099709489232,1.8208258854182444,4.558292348761038,5.364855266391304,0.8432554710616941,2.186068275079697
"73","Savoie",320709,68929,21.492692752619977,251780,78.50730724738003,3931,1.2257217602250015,1.5612836603383906,1491,0.4649074394544588,0.592183652394948,246358,76.81667804770056,97.84653268726666,1205,5536,64689,8081,56733,18045,49858,4418,15642,13608,1849,6694,0.3757300231674197,1.7261754425351332,20.17062196570723,2.519729723830638,17.68986838535869,5.626596073075592,15.546180493843329,1.3775728152312534,4.877318690775749,4.24309888403506,0.5765351143871859,2.087250435753284,0.4891255814708676,2.247136281346658,26.258128414746018,3.280185745946955,23.028681837001436,7.324706321694445,20.23802758587097,1.7933251609446414,6.349296552172043,5.523668807183042,0.7505337760494889,2.7171839355734337
"74","Haute-Savoie",565675,129393,22.874088478366552,436282,77.12591152163345,6867,1.2139479383037963,1.573981965792767,2277,0.4025279533300924,0.5219101406888206,427138,75.50943562999956,97.90410789351841,1880,5996,130422,13371,87745,33353,78062,6606,29948,22349,3232,14174,0.33234631192822733,1.0599725991072613,23.05599505016131,2.36372475361294,15.511556989437397,5.896141777522429,13.799796703053874,1.1678083705307818,5.2942060370354005,3.9508551730233794,0.5713528085915057,2.50567905599505,0.4401387841868436,1.4037617819065502,30.533925803838574,3.130370044341641,20.542541286422654,7.808483440948827,18.275592431485844,1.5465727703927068,7.011317185546591,5.232266855208387,0.756664122602063,3.31836549311932
"75","Paris",1368025,296656,21.684983827049944,1071369,78.31501617295005,11014,0.805102245938488,1.0280304918286791,4057,0.2965589079146945,0.3786743876292855,1056298,77.21335501909688,98.59329512054204,2898,17292,373198,12152,58498,86179,317809,22936,80373,69624,5738,9601,0.21183823395040297,1.2640119880850131,27.280057016501893,0.8882878602364722,4.276091445697264,6.299519380128286,23.23122749949745,1.6765775479249283,5.8751119314340015,5.089380676522724,0.41943677929862394,0.7018146598198132,0.2743543962025868,1.637038032827857,35.33074946653312,1.1504329270717164,5.538020520724266,8.158587822754564,30.087058765613488,2.1713569466192304,7.608932327809008,6.59132176715283,0.5432179176709603,0.9089291090203712
"76","Seine-Maritime",879304,222199,25.269872535550846,657105,74.73012746444915,10779,1.225855904215152,1.640377108681261,3388,0.38530474102244505,0.5155949201421386,642938,73.11896681921156,97.8440279711766,4433,19896,179689,13587,177797,33361,136132,11138,24784,24280,5477,12364,0.504148735818329,2.262698679864984,20.43536706304077,1.5451993849681112,20.22019688298927,3.7940234549143415,15.481790143113189,1.2666836497957474,2.818592887101617,2.7612748264536497,0.6228790043034036,1.4061121068481435,0.6894910551250665,3.094544108452137,27.94810697143426,2.113267531239404,27.65383287346525,5.188836248596288,21.17342574245106,1.7323598854010807,3.8548040402029438,3.7764138999405854,0.8518706313828083,1.9230470123091186
"77","Seine-et-Marne",899274,223255,24.82613752871761,676019,75.17386247128239,11052,1.2289913863850173,1.634865292247703,3511,0.39042605479531267,0.5193641007131456,661456,73.55444503010206,97.84577060703916,3442,12856,165357,13802,155932,47888,171063,7859,26734,36857,4616,15050,0.3827531986913888,1.4295976532180403,18.387832851833814,1.534793622410967,17.339765188363057,5.32518453774934,19.022344691384383,0.8739271901556144,2.9728425374246337,4.09852836843943,0.5133029532711944,1.673572237160198,0.5203671899567015,1.9435911081009167,24.99894172855035,2.0866089354393944,23.574054812413827,7.239786168694516,25.861584141651146,1.188136474686147,4.041689847850802,5.5721015456810425,0.6978544302266515,2.2752836167485064
"78","Yvelines",961245,211709,22.02445786454026,749536,77.97554213545975,9603,0.9990168999578672,1.2811926311744866,3436,0.3574530946844977,0.45841694061392646,736497,76.61907214081738,98.26039042821158,2774,11721,246057,13687,101395,64407,168583,9046,40470,61297,3963,13097,0.28858407585995244,1.2193561474962158,25.59774043037935,1.4238825689600465,10.548299340958861,6.700372953825508,17.53798459289775,0.9410712149347982,4.210164942340403,6.3768342098008315,0.4122778271928592,1.3625038361707993,0.3766478342749529,1.5914525110081914,33.40909738939873,1.8583918196543912,13.767197965504272,8.745045804667228,22.88984204959423,1.2282466866803259,5.4949307329154085,8.32277660329913,0.5380877315182547,1.7782828714848806
"79","Deux-Sèvres",273209,59398,21.740865052029765,213811,78.25913494797024,3802,1.3916086219707258,1.7782059856602326,1894,0.69324216991387555,0.8858290733404736,208115,76.17428415608563,97.3359649409993,1645,4545,68540,7026,47979,8813,39197,4348,10088,9262,2136,4536,0.6021031517995381,1.6635615957014591,25.087021291392304,2.5716575954672067,17.561280924127683,3.2257356090026312,14.34689193987021,1.5914556255467425,3.6924113041664075,3.3900786577308946,0.7818190469567254,1.6602674143238325,0.7904283689306393,2.183888715373712,32.93371453283041,3.3760180669341473,23.054080676549024,4.234677942483723,18.83429834466521,2.0892295125291307,4.847319991350936,4.450424044398529,1.0263556206904838,2.179564183264061
"80","Somme",410056,102687,25.042189359502114,307369,74.95781064049788,4843,1.1810581969292,1.5756305938464843,3186,0.776967048403145,1.036539143505038,299340,72.99978539516555,97.38783026264848,2500,7716,83185,7376,98208,16908,52415,3755,8050,11397,2207,5623,0.609672825175098,1.8816942076204226,20.286253584876214,1.7987787033966092,23.94989952591841,4.123339251224223,12.782400452621106,0.9157285834129972,1.9631464970638157,2.779376475408237,0.5382191700645765,1.3712761183838305,0.8351707088928977,2.5776708759270397,27.78947016770228,2.464087659517605,32.80817799158148,5.648426538384445,17.510189082648495,1.2544264047571323,2.6892496826351304,3.8073762277009418,0.7372887018106501,1.8784659584419057
"81","Tarn",298178,62818,21.067281959098256,235360,78.93271804090173,3451,1.157362380859755,1.4662644459551324,2067,0.6932100959829364,0.8782290958531611,229842,77.08214556405906,97.65550645819171,1175,5313,53925,17010,56543,15982,48430,5818,8680,10014,1829,5123,0.39405992393805045,1.7818215964960527,18.08483523264627,5.704646218030841,18.96283428019505,5.35988570585355,16.241976269208326,1.9511835212524062,2.9110128849210875,3.3583966623962866,0.6133920007512291,1.7181012683699,0.5112207516467835,2.3115879604249874,23.461769389406637,7.400736157882372,24.600812732224746,6.953472385377782,21.07099659766274,2.531304113260414,3.7765073398247493,4.356906048502884,0.7957640466059293,2.228922477179976
"82","Tarn-et-Garonne",188706,39625,20.998272444967302,149081,79.0017275550327,2173,1.151526713512024,1.4575968768655965,1089,0.5770881688976502,0.7304753791562976,145819,77.27311267262303,97.81192774397812,679,3628,31737,9573,42182,11772,27881,3069,4835,5994,1057,3412,0.35981897766896653,1.9225673799455236,16.81822517567009,5.072970652761438,22.35329030343497,6.238275412546502,14.774834928407152,1.6263393850751964,2.5621866819285026,3.1763695907920253,0.5601305734846799,1.8081036109079733,0.4656457663267476,2.4880159649977025,21.76465344022384,6.564988101687709,28.927643174071964,8.073022034165643,19.120279250303458,2.1046640012618383,3.3157544627243367,4.110575439414617,0.7248712444880296,2.3398871203341125
"83","Var",820904,211212,25.72919610575658,609692,74.27080389424341,7803,0.9505374562677243,1.2798265353653975,3159,0.38481966222603375,0.5181304658745728,598730,72.93544677574965,98.20204299876004,2098,10672,142335,17784,183287,79329,89272,5703,21044,28342,3578,15286,0.25557190609376984,1.3000302105970978,17.338811846452202,2.1663921725317454,22.327458509155758,9.663614746669525,10.874840419829846,0.6947219163263914,2.5635153440597196,3.452535253817742,0.4358609532905187,1.8620934969253409,0.3504083643712525,1.7824394969351793,23.77281913383328,2.9702871077113224,30.6126300669751,13.24954486997478,14.91022664640155,0.9525161592036477,3.5147729360479683,4.733686302673993,0.59759824962838,2.5530706662435487
"84","Vaucluse",411647,101691,24.703447371169958,309956,75.29655262883004,4370,1.061589177134778,1.4098775310044007,1730,0.42026299232109066,0.5581437365303463,303856,73.81470045937417,98.03197873246525,1234,6234,66883,9843,89411,30473,63045,3769,12128,11918,2023,6895,0.29977140608336755,1.5144043318668665,16.24765879503555,2.391126377697396,21.720308905445684,7.402701829480113,15.315306561204139,0.9155902994556014,2.946213624780455,2.8951990418975484,0.49144048177200367,1.674978804655445,0.4061134221473329,2.0516297193407405,22.011413301037333,3.2393633826549415,29.425451529671946,10.02876362487494,20.748314991311673,1.2403901848243906,3.9913643304723285,3.922252645990206,0.6657758938444527,2.2691669738297087
"85","Vendée",550963,120569,21.88332065855602,430394,78.11667934144398,7315,1.3276753611404033,1.6996054777715301,3392,0.6156493267242991,0.788115075953661,419687,76.17335465357928,97.5122794462748,2647,8153,149587,13039,97280,25663,60524,7244,19731,22534,3621,9664,0.48043153532995864,1.4797726889101446,27.150099008463364,2.366583599987658,17.656358049451594,4.657844537654979,10.985129672954445,1.314788833369936,3.581184217451989,4.089929813798749,0.6572129162938346,1.7540197799126258,0.6307081229582998,1.9426382041855002,35.642514540598114,3.1068391444100008,23.17917876893971,6.114795073471421,14.421223435560309,1.7260482216508972,4.701360776006881,5.369239457023925,0.8627858380173795,2.3026684171775633
"86","Vienne",306011,68304,22.32076624696498,237707,77.67923375303502,4053,1.3244621925355626,1.7050402386130825,2000,0.653571276849525,0.8413719410871366,231654,75.70120028364994,97.45358782029979,1715,6412,67831,7741,54216,11939,49162,4542,10727,9959,2315,5095,0.5604373698984677,2.095349513579577,22.166196639990066,2.529647627046087,17.717010172836925,3.9014937371532397,16.065435556238175,1.4842603697252714,3.5054295433824274,3.2544581730722095,0.7565087529533252,1.6649728277741649,0.7403282481632089,2.7679211237448955,29.28116933012165,3.341621556286531,23.403869564091274,5.153806970740846,21.222167542973573,1.9606827423657696,4.630612896820257,4.29908397869236,0.999335215450629,2.1994008305490085
"87","Haute-Vienne",263742,55484,21.037225773672755,208258,78.96277422632724,3787,1.4358729364302993,1.8184175397823854,2353,0.892159762191839,1.1298485532368503,202118,76.6347415277051,97.05173390698076,1457,8030,54951,9973,45357,10796,43137,5654,7877,9544,1787,3555,0.552433817897794,3.0446421123673892,20.835134335828194,3.7813469223711054,17.19748845462611,4.0933943020072645,16.355756762290422,2.1437617065162167,2.9866308741118215,3.6186879602035322,0.6775560964882348,1.3479081829970199,0.7208660287554794,3.972926706181538,27.18758349083209,4.934246331350993,22.440851383845082,5.341434211698117,21.34248310392939,2.797375790379877,3.897228351754915,4.721994082664582,0.8841369892834879,1.7588735293244542
"88","Vosges",277913,68914,24.796968835570844,208999,75.20303116442916,3432,1.234918841507954,1.6421131201584696,1711,0.6156602965676309,0.818664204134948,203856,73.35245202635357,97.53922267570658,1572,3850,51477,7210,65676,13195,32690,3115,7569,9359,1988,6155,0.5656446441872097,1.3853256234864868,18.5227031481075,2.594337076711057,23.63185601249312,4.7478887277673225,11.762673930330715,1.120854368093612,2.7235141932907063,3.367600652002605,0.715331776491204,2.214721873392033,0.7711325641629385,1.8885880229181382,25.251648222274547,3.536810297464877,32.216858959265366,6.472706224001255,16.035829212777646,1.5280394003610391,3.712914998822699,4.590985793893728,0.9751981791068206,3.0192881249509456
"89","Yonne",237955,57547,24.183984366792043,180408,75.81601563320795,2686,1.1287848542791703,1.488847501219458,1218,0.5118614864154988,0.6751363575894639,176504,74.1753692925133,97.83601614119107,1203,4022,42616,5355,55162,12941,31599,2286,5917,9322,1487,4594,0.5055577735286083,1.690235548738207,17.909268559181356,2.250425500619865,23.18169401777647,5.438423231283226,13.279401567523271,0.9606858439620937,2.4866046101153576,3.9175474354394737,0.6249080708537328,1.9306171334916264,0.6815709558990165,2.2787018991071024,24.144495308888185,3.033925576757467,31.252549517291396,7.331845170647691,17.90271042016045,1.2951547840275575,3.3523319584825275,5.281466708969768,0.8424738249558084,2.6027738748130353
"90","Territoire de Belfort",93724,22238,23.727113652853056,71486,76.27288634714694,1241,1.3241005505526866,1.736004252580925,591,0.6305748794332295,0.8267353048149289,69654,74.318210917161025,97.43726044260414,560,1485,16768,2000,19061,5583,14601,1052,2798,3322,603,1821,0.5974990397336861,1.5844394178652212,17.890828389740086,2.133925141906022,20.337373564935344,5.95685203363066,15.578720498484913,1.1224446246425677,2.9853612735265247,3.5444496607059026,0.6433784302846657,1.9429388417054332,0.8039739282740402,2.1319665776552674,24.073276480891263,2.8713354581215724,27.365262583627647,8.01533293134637,20.962184512016538,1.510322450971947,4.01699830591208,4.769288195939931,0.865707640623654,2.614350934619692
"91","Essonne",799500,192200,24.04002501563477,607300,75.95997498436523,8954,1.1199499687304566,1.474394862506175,3405,0.42589118198874293,0.5606784126461386,594941,74.41413383364602,97.96492672484769,2831,13480,164503,11610,105862,39284,167310,7944,29562,33046,4306,15203,0.35409631019387117,1.6860537836147593,20.57573483427142,1.4521575984990618,13.241025641025642,4.913570981863665,20.926829268292682,0.9936210131332083,3.697560975609756,4.133333333333333,0.5385866166353971,1.9015634771732335,0.47584550400796044,2.265770891567399,27.65030482014183,1.9514540097253341,17.793697190141543,6.603007693199831,28.12211631069299,1.3352584541996602,4.968896075409159,5.554500362220792,0.7237692477069154,2.555379440986585
"92","Hauts-de-Seine",997667,208790,20.927824614826392,788877,79.07217538517361,11841,1.1868689652960356,1.5009944516065241,2294,0.2299364417185293,0.29079311476947606,774742,77.65536997815904,98.208212433624,2306,13170,287494,11260,64812,62761,199640,10518,47103,62231,3704,9743,0.23113924786526968,1.3200797460475289,28.816629195914068,1.1286331010246906,6.496355998544605,6.290776381297568,20.010684927936875,1.0542595876179126,4.72131482749254,6.2376524431498686,0.3712661639605199,0.9765783573075986,0.297647474901322,1.6999207478102387,37.10835349058138,1.4533870630480858,8.36562365277731,8.100890360920152,25.768578442888085,1.357613244150956,6.079830446780993,8.032480490279346,0.4780946431199032,1.257579942742229
"93","Seine-Saint-Denis",793927,239859,30.211719717303986,554068,69.78828028269601,7606,0.9580225889785836,1.3727556906372502,3324,0.418678291580964,0.5999263628291113,543138,68.41157940213647,98.02731794653364,2756,11642,110115,6805,64541,27968,266628,5890,19352,17479,3662,6300,0.3471351900111723,1.4663816698512584,13.869663079854949,0.8571317010254091,8.12933682819705,3.522742015323827,33.58344029110989,0.741881810292382,2.437503699962339,2.2015878034126564,0.4612514752615795,0.7935238378339571,0.5074216865695275,2.143469983687387,20.27385305392,1.2529044183982707,11.882983698433916,5.149335896217904,49.09028644653845,1.0844389455350205,3.5629987222400197,3.2181508198653015,0.6742301219947785,1.1599262065994278
"94","Val-de-Marne",796086,195409,24.546217368475265,600677,75.45378263152473,8501,1.067849453451009,1.4152364748442174,3118,0.3916662270156742,0.5190809703051723,589058,73.99426695105805,98.06568255485061,2504,14954,171409,8944,69599,43430,192427,8276,31904,32522,3730,9359,0.3145388814776293,1.8784402690161615,21.531467705750384,1.1234967076421392,8.742648407332876,5.455440743839233,24.1716347228817,1.0395861753629634,4.007607218315609,4.085237022130775,0.46854234341515866,1.1756267538934237,0.42508547545403,2.5386294728193146,29.09883237304306,1.518356426701615,11.815305114267186,7.37278841811842,32.66690207076383,1.4049550298951887,5.4161050354973534,5.521018303800305,0.633214386359238,1.588807893280458
"95","Val-d'Oise",733529,192853,26.29112141442261,540676,73.7088785855774,8027,1.0942989302399768,1.484622953487856,3064,0.41770673006793185,0.5666979854848375,529585,72.19687292526949,97.9486790610273,2392,10060,138166,9101,91081,37564,175666,6094,20710,26403,3352,8996,0.3260948101574716,1.3714522534214735,18.835792449923588,1.2407144093825875,12.416823329411653,5.120997261185311,23.94806476635552,0.830778333235632,2.823337591288143,3.599448692553396,0.45696898145812914,1.2264000468965781,0.4516744243133775,1.8996006306825155,26.08948516291058,1.7185154413361405,17.198561137494455,7.093101201884494,33.170501430365285,1.1507123502365058,3.9106092506396517,4.985601933589509,0.632948440760218,1.6986885957872673
"ZA","Guadeloupe",316023,174592,55.24661179724261,141431,44.75338820275739,2719,0.8603804153495157,1.922492240032242,3627,1.1477012749072062,2.564501417652424,135085,42.745306512500676,95.51300634231534,1084,668,18137,1033,24204,3098,75862,2266,1927,3979,713,2114,0.34301300854684624,0.21137702002702335,5.739139239865453,0.3268749426465795,7.658936216667773,0.9803083952750276,24.005214810314442,0.7170364182353817,0.6097657448983144,1.259085572885518,0.22561648993902345,0.6689386531992925,0.8024577118110819,0.4945034607839509,13.426361179997778,0.7647037050745826,17.917607432357403,2.293370840581856,56.15871488322167,1.6774623385275937,1.4265092349261577,2.945552800088833,0.5278158196690972,1.5649405929599882
"ZB","Martinique",304594,174588,57.31826628232992,130006,42.68173371767008,4001,1.3135518099502945,3.077550266910758,3056,1.0033027571127469,2.3506607387351353,122949,40.36487915060704,94.57178899435411,1447,747,20043,1162,16495,3153,65292,3935,1978,4731,977,2989,0.47505860259886934,0.24524448938587104,6.580234673040178,0.38149142793357715,5.415405424926295,1.035148427086548,21.435747257004405,1.291883622133069,0.6493890227647294,1.5532150994438498,0.3207548408701419,0.9813062634195027,1.1769107516124573,0.6075689920210819,16.301881267842763,0.945107320921683,13.416131892085337,2.5644779542737233,53.10494595320011,3.2005140342743736,1.6087971435310575,3.847936949466852,0.794638427315391,2.4310893134551725
"ZC","Guyane",102993,65754,63.8431738079287,37239,36.15682619207131,825,0.8010253123998717,2.215419318456457,553,0.5369296942510656,1.4850022825532372,35861,34.81887118542037,96.2995783989903,297,246,5101,516,6334,1573,18143,535,940,997,462,717,0.28836911246395386,0.23885118406105268,4.952763780062723,0.5010049226646471,6.1499325196858035,1.5272882623090889,17.615760294388938,0.5194527783441593,0.912683386249551,0.9680269532880875,0.4485741749439282,0.6961638169584341,0.8281977635871839,0.6859819860015058,14.224366303226347,1.4388890438080364,17.6626418672095,4.386380747887678,50.59256573994032,1.4918713923203482,2.621231979030144,2.7801790245670785,1.2883076322467304,1.9993865201751206
"ZD","La Réunion",675539,313159,46.356909075567806,362380,53.643090924432194,7359,1.0893523541942065,2.030741210883603,8255,1.221987183567492,2.2779954743639275,346766,51.3317513866705,95.69126331475248,3538,3074,62542,4844,85770,13070,139604,5549,7994,9738,2705,8338,0.5237299400922818,0.45504404630968753,9.258088726187532,0.7170570462993254,12.696528253735165,1.9347513615054053,20.665572231951078,0.8214181564646896,1.1833513683147827,1.4415155897734995,0.4004209971593054,1.2342736688777407,1.0202845723052432,0.8864767595438999,18.03579358991366,1.3969074246033348,24.734258837371602,3.7691123120490473,40.25884890675556,1.600214553906669,2.305300981065041,2.8082337945473315,0.7800649429298143,2.4045033250087955
"ZM","Mayotte",92187,55023,59.686289823944804,37164,40.31371017605519,923,1.001225769360105,2.483586266279195,1190,1.2908544588716413,3.202023463566893,35051,38.02162994782344,94.31439027015391,430,206,5936,359,14958,482,8399,318,295,2810,328,530,0.4664432078275679,0.2234588390987883,6.439085771312659,0.3894258409537137,16.2257151225227,0.5228502934253203,9.110829075683121,0.34495102346317813,0.3200017356026338,3.0481521255708506,0.35579853992428434,0.5749183724386302,1.2267838292773388,0.5877150437933297,16.93532281532624,1.0242218481641037,42.674959344954495,1.3751390830504122,23.962226470000854,0.9072494365353342,0.841630766597244,8.016889675044935,0.935779293030156,1.512082394225557
"ZN","Nouvelle-Calédonie",218773,145807,66.64762105012959,72966,33.35237894987041,1777,0.8122574540734003,2.4353808623194366,689,0.31493831505715975,0.9442754159471535,70500,32.225183180739855,96.62034372173342,565,399,28561,1031,13273,6435,9711,963,2161,4144,560,2697,0.25825856024280874,0.18238082395908087,13.055084493973204,0.4712647355935147,6.06701923912,2.94140501798668,4.438847572598082,0.4401822894049997,0.9877818560791323,1.8942008383118574,0.25597308625835913,1.232784667212133,0.8014184397163121,0.5659574468085107,40.51205673758865,1.4624113475177305,18.826950354609927,9.127659574468085,13.774468085106385,1.3659574468085105,3.0652482269503545,5.878014184397163,0.7943262411347518,3.825531914893617
"ZP","Polynésie française",205576,142121,69.13307000817215,63455,30.866929991827842,1503,0.7311164727400086,2.3686076747301237,1287,0.6260458419270731,2.028208966984477,60665,29.50976767716076,95.6031833582854,819,376,24418,618,11797,4311,8035,874,2166,4809,459,1983,0.39839280849904657,0.182900727711406,11.877845662917851,0.3006187492703428,5.738510331945363,2.097034673308168,3.9085301786200723,0.42514690430789587,1.0536249367630464,2.3392808499046582,0.22327509047748764,0.9646067634354204,1.3500370889310145,0.6197972471771203,40.25055633396522,1.0187093052006924,19.446138630182148,7.10623918239512,13.244869364542982,1.4406989203000082,3.570427759004368,7.927140855518008,0.7566141926976017,3.2687711200857166
"ZS","Saint-Pierre-et-Miquelon",5045,2272,45.03468780971259,2773,54.96531219028742,47,0.931615460852329,1.694915254237288,25,0.4955401387512388,0.9015506671474938,2701,53.53815659068385,97.40353407861522,22,19,534,108,459,80,1105,75,116,51,50,82,0.4360753221010902,0.37661050545094155,10.584737363726463,2.140733399405352,9.098116947472745,1.5857284440039643,21.902874132804754,1.4866204162537164,2.2993062438057486,1.0109018830525274,0.9910802775024776,1.6253716551040636,0.8145131432802665,0.7034431691965939,19.770455386893744,3.9985190670122175,16.993706034801924,2.961865975564606,40.910773787486114,2.7767493520918176,4.294705664568679,1.888189559422436,1.8511662347278788,3.0359126249537205
"ZW","Wallis et Futuna",9528,4125,43.29345088161209,5403,56.706549118387905,44,0.4617968094038623,0.8143623912641125,0,0,0,5359,56.24475230898405,99.18563760873589,98,34,2115,78,579,118,501,118,72,1354,48,244,1.0285474391267841,0.3568429890848027,22.197732997481108,0.818639798488665,6.076826196473552,1.2384550797649034,5.258186397984887,1.2384550797649034,0.7556675062972292,14.210747271200672,0.5037783375314862,2.5608732157850547,1.828699384213473,0.6344467251352864,39.46631834297444,1.4554954282515395,10.804254525097965,2.201903340175406,9.348759096846425,2.201903340175406,1.3435342414629596,25.26590781862288,0.8956894943086398,4.553088262735585
"ZX","Saint-Martin/Saint-Barthélemy",24414,15812,64.76611780126157,8602,35.23388219873843,150,0.6144015728680265,1.743780516159033,84,0.3440648808060949,0.9765170890490584,8368,34.27541574506431,97.27970239479191,41,48,2070,208,1445,1107,2354,92,247,354,63,339,0.1679364299172606,0.19660850331776847,8.478741705578766,0.8519701810436635,5.918735151961989,4.534283607766036,9.64200868354223,0.3768329646923896,1.0117145899893505,1.4499877119685427,0.25804866060457116,1.38854755468174,0.48996175908221795,0.5736137667304015,24.737093690248564,2.48565965583174,17.268164435946463,13.228967495219884,28.130975143403443,1.0994263862332696,2.951720841300191,4.230401529636711,0.752868068833652,4.051147227533461
